//Injector,Name,Area,LoadFlag,Link,MaxMw,MinMw,RaiseRR,LowerRR,RampCapOnly,EnergyCost,CostAdder,RampUpCost,RampDnCost
109003_EQ,LAR_BL_LAR03_EQ,WZ_SOUTHERN,0,,80,,50,50,,,2.01366666666667,,
109021_B1,BL_BL_BRN_1_B1,WZ_SOUTHERN,0,,25,,200,200,,,0,,
109062_B1,BL_BL_MILT_2_B1,WZ_SOUTHERN,0,,80,,50,50,,,2.01366666666667,,
109081_B1,BL_CCSWC_B1,WZ_EAST,0,,100,,50,50,,,2.01366666666667,,
110001_N2,SRB_SRB_G2_N2,WZ_COAST,0,,200,,50,50,,,2.01366666666667,,
110002_N1,SRB_SRB_G1_N1,WZ_COAST,0,,130,,50,50,,,2.01366666666667,,
110011_N1,WAP_WAP_G1_N1,WZ_COAST,0,,195.130423954018,,15,15,,,8.33,,
110012_N2,WAP_WAP_G2_N2,WZ_COAST,0,,195.130423954018,,15,15,,,8.33,,
110013_N3,WAP_WAP_G3_N3,WZ_COAST,0,,297.891416450512,,15,15,,,8.33,,
110014_N4,WAP_WAP_G4_N4,WZ_COAST,0,,637.34907705691,,15,15,,,8.33,,
110015_L5,WAP_WAP_G5_L5,WZ_COAST,0,,600.423252503203,,5,5,,,2.59,,
110016_L6,WAP_WAP_G6_L6,WZ_COAST,0,,599.519000616903,,5,5,,,2.59,,
110017_L7,WAP_WAP_G7_L7,WZ_COAST,0,,521.753338395103,,5,5,,,2.59,,
110018_L8,WAP_WAP_G8_L8,WZ_COAST,0,,551.593650643003,,5,5,,,2.59,,
110019_BS,WAP_WAPGT_1_BS,WZ_COAST,0,,23.5569680020339,,40,40,,,236.22,,
110020_N1,WAP_GT2_N1,WZ_COAST,0,,147.885410234991,,40,40,,,1.5,,
110031_N1,RAY_RAYBURG1_N1,WZ_COAST,0,,19.6308066683616,,40,40,,,218.64,,
110032_N2,RAY_RAYBURG2_N2,WZ_COAST,0,,19.6308066683616,,40,40,,,218.64,,
110034_C7,RAY_RAYBURG7_C7,WZ_COAST,0,,57.730894660952,,20,20,,,8.6,,
110035_C8,RAY_RAYBURG8_C8,WZ_COAST,0,,57.730894660952,,20,20,,,8.6,,
110036_C9,RAY_RAYBURG9_C9,WZ_COAST,0,,57.730894660952,,20,20,,,8.6,,
110037_C0,RA_RAYBURG10_C0,WZ_COAST,0,,47.2343683589607,,20,20,,,8.6,,
110041_BS,THW_THWGT_1_BS,WZ_COAST,0,,19.6308066683616,,40,40,,,8.12,,
110042_C1,THW_THWGT31_C1,WZ_COAST,0,,78.7239472649345,,20,20,,,8.6,,
110043_C2,THW_THWGT32_C2,WZ_COAST,0,,78.7239472649345,,20,20,,,8.6,,
110044_C3,THW_THWGT33_C3,WZ_COAST,0,,78.7239472649345,,20,20,,,8.6,,
110045_C4,THW_THWGT34_C4,WZ_COAST,0,,78.7239472649345,,20,20,,,8.6,,
110046_C0,THW_THWST_3_C0,WZ_COAST,0,,125.958315623895,,20,20,,,8.6,,
110047_C5,THW_THWGT41_C5,WZ_COAST,0,,78.7239472649345,,20,20,,,8.6,,
110048_C6,THW_THWGT42_C6,WZ_COAST,0,,78.7239472649345,,20,20,,,8.6,,
110049_C7,THW_THWGT43_C7,WZ_COAST,0,,78.7239472649345,,20,20,,,8.6,,
110050_C8,THW_THWGT44_C8,WZ_COAST,0,,78.7239472649345,,20,20,,,8.6,,
110051_C0,THW_THWST_4_C0,WZ_COAST,0,,125.958315623895,,20,20,,,8.6,,
110052_N1,THW_THWGT51_N1,WZ_COAST,0,,98.154033341808,,40,40,,,8.12,,
110053_N2,THW_THWGT52_N2,WZ_COAST,0,,98.154033341808,,40,40,,,8.12,,
110054_N3,THW_THWGT53_N3,WZ_COAST,0,,98.154033341808,,40,40,,,8.12,,
110055_N4,THW_THWGT54_N4,WZ_COAST,0,,98.154033341808,,40,40,,,8.12,,
110056_N5,THW_THWGT55_N5,WZ_COAST,0,,98.154033341808,,40,40,,,8.12,,
110057_N6,THW_THWGT56_N6,WZ_COAST,0,,98.154033341808,,40,40,,,8.12,,
110071_N1,CBY_CBY_G1_N1,WZ_COAST,0,,839.722104159302,,15,15,,,4.5,,
110072_N2,CBY_CBY_G2_N2,WZ_COAST,0,,839.722104159302,,15,15,,,4.5,,
110073_C1,CBY4_CT41_C1,WZ_COAST,0,,225.675315492812,,20,20,,,1.65,,
110074_C2,CBY4_CT42_C2,WZ_COAST,0,,225.675315492812,,20,20,,,1.65,,
110075_C0,CBY4_ST04_C0,WZ_COAST,0,,225.675315492812,,20,20,,,1.65,,
110092_N1,GBY_GBYGT73_N1,WZ_COAST,0,,91.6104311190208,,40,40,,,44.09,,
110093_N2,GBY_GBYGT74_N2,WZ_COAST,0,,91.6104311190208,,40,40,,,44.09,,
110094_N3,GBY_GBYGT81_N3,WZ_COAST,0,,91.6104311190208,,40,40,,,44.09,,
110095_N4,GBY_GBYGT82_N4,WZ_COAST,0,,96.8453128972506,,40,40,,,44.09,,
110096_N5,GBY_GBYGT83_N5,WZ_COAST,0,,104.697635564595,,40,40,,,44.09,,
110097_N6,GBY_GBYGT84_N6,WZ_COAST,0,,91.6104311190208,,40,40,,,44.09,,
110111_P1,DOWG_DOW_G37_P1,WZ_COAST,0,,78.7239472649345,,20,20,,,1.17,,
110114_P1,DOWG_DOW_G61_P1,WZ_COAST,0,,99.2551527116295,,20,20,,,1.17,,
110116_P1,DOWG_DOW_G63_P1,WZ_COAST,0,,99.2551527116295,,20,20,,,1.17,,
110117_P1,DOW_DOW_ST64_P1,WZ_COAST,0,,68.0174904369034,,20,20,,,1.17,,
110123_P1,DOWG_DOW_G67_P1,WZ_COAST,0,,124.908662993696,,20,20,,,1.17,,
110124_P1,DOWG_DOW_G66_P1,WZ_COAST,0,,124.908662993696,,20,20,,,1.17,,
110125_P1,DOW_DOW_ST65_P1,WZ_COAST,0,,116.878820372673,,20,20,,,1.17,,
110135_P1,DOWG_DOW_G81_P1,WZ_COAST,0,,110.339484486532,,20,20,,,2.19321243523316,,
110137_P1,DOWG_DOW_G82_P1,WZ_COAST,0,,110.339484486532,,20,20,,,2.19321243523316,,
110139_P1,DOWG_DOW_G83_P1,WZ_COAST,0,,110.339484486532,,20,20,,,2.19321243523316,,
110141_P1,DOW_DOW_ST84_P1,WZ_COAST,0,,214.916376033271,,20,20,,,2.19321243523316,,
110146_P1,DOW_DOW_GT96_P1,WZ_COAST,0,,217.278094451219,,20,20,,,2.19321243523316,,
110147_P1,DOW_DOW_ST95_P1,WZ_COAST,0,,85.0218630461293,,20,20,,,2.19321243523316,,
110171_PE,DIB_DIB_G1_PE,WZ_COAST,0,,111.241237787382,,40,40,,,25.952688172043,,
110172_PE,DIB_DIB_G2_PE,WZ_COAST,0,,111.241237787382,,40,40,,,25.952688172043,,
110173_PE,DIB_DIB_G3_PE,WZ_COAST,0,,108.100308720445,,40,40,,,25.952688172043,,
110174_PE,DIB_DIB_G4_PE,WZ_COAST,0,,107.31507645371,,40,40,,,25.952688172043,,
110201_PE,BYU_BYU_G1_PE,WZ_COAST,0,,116.476119565612,,40,40,,,25.952688172043,,
110202_PE,BYU_BYU_G2_PE,WZ_COAST,0,,111.241237787382,,40,40,,,25.952688172043,,
110203_PE,BYU_BYU_G3_PE,WZ_COAST,0,,111.241237787382,,40,40,,,25.952688172043,,
110204_PE,BYU_BYU_G4_PE,WZ_COAST,0,,117.261351832347,,40,40,,,25.952688172043,,
110205_C0,BYU_BYU_G8_C0,WZ_COAST,0,,6.02011404496422,,40,40,,,25.952688172043,,
110231_P1,_AK__AK_G1_P1,WZ_COAST,0,,35,,200,200,,,0,,
110261_N1,TGF_TGFGT_1_N1,WZ_COAST,0,,94,,50,50,,,2.01366666666667,,
110271_PE,AMOC_AMOCO_1_PE,WZ_COAST,0,,104.697635564595,,40,40,,,25.952688172043,,
110272_PE,AMOC_AMOCO_2_PE,WZ_COAST,0,,104.697635564595,,40,40,,,25.952688172043,,
110273_PE,AMOC_AMOCO_5_PE,WZ_COAST,0,,41.8790542258381,,40,40,,,25.952688172043,,
110280_PE,AMO_AMOCO_G1_PE,WZ_COAST,0,,235.569680020339,,40,40,,,25.952688172043,,
110281_PE,AMO_AMOCO_G2_PE,WZ_COAST,0,,235.569680020339,,40,40,,,25.952688172043,,
110282_PE,AMO_AMOCO_G3_PE,WZ_COAST,0,,235.569680020339,,40,40,,,25.952688172043,,
110283_PE,AMO_AMOCO_S1_PE,WZ_COAST,0,,130.872044455744,,40,40,,,25.952688172043,,
110284_PE,AMO_AMOCO_S2_PE,WZ_COAST,0,,327.18011113936,,40,40,,,25.952688172043,,
110331_P1,NCA_NCARBIG1_P1,WZ_COAST,0,,34,,200,200,,,0,,
110331_P5,NCA_NCARBIG1_P5,WZ_COAST,0,,13,,200,200,,,0,,
110332_P2,NCA_NCARBIG2_P2,WZ_COAST,0,,34,,200,200,,,0,,
110332_P7,NCA_NCARBIG2_P7,WZ_COAST,0,,13,,200,200,,,0,,
110333_P6,NCA_NCARBIG6_P6,WZ_COAST,0,,6,,200,200,,,0,,
110334_P3,NCA_NCARBIG3_P3,WZ_COAST,0,,36,,200,200,,,0,,
110335_P8,NCA_NCARBIG8_P8,WZ_COAST,0,,16,,200,200,,,0,,
110351_U1,STP_STP_G1_U1,WZ_COAST,0,,1474,,15,15,,,2.95,,
110352_U2,STP_STP_G2_U2,WZ_COAST,0,,1474,,15,15,,,2.95,,
110371_P1,EXN_EXN_G1_P1,WZ_COAST,0,,60.5937565830095,,40,40,,,1.5,,
110372_P2,EXN_EXN_G2_P2,WZ_COAST,0,,60.5937565830095,,40,40,,,1.5,,
110373_P3,EXN_EXN_G3_P3,WZ_COAST,0,,60.5937565830095,,40,40,,,1.5,,
110374_P4,EXN_EXN_G4_P4,WZ_COAST,0,,155.345116768968,,40,40,,,1.5,,
110375_P8,EXN_EXN_G8_P8,WZ_COAST,0,,66.7447426724295,,40,40,,,1.5,,
110375_PF,EXN_EXN_G8_PF,WZ_COAST,0,,9.8154033341808,,40,40,,,1.5,,
110376_P9,EXN_EXN_G9_P9,WZ_COAST,0,,39.7851015145462,,40,40,,,1.5,,
110376_PA,EXN_EXN_G9_PA,WZ_COAST,0,,39.7851015145462,,40,40,,,1.5,,
110376_PB,EXN_EXN_G9_PB,WZ_COAST,0,,39.7851015145462,,40,40,,,1.5,,
110376_PC,EXN_EXN_G9_PC,WZ_COAST,0,,39.7851015145462,,40,40,,,1.5,,
110376_PD,EXN_EXN_G9_PD,WZ_COAST,0,,66.7447426724295,,40,40,,,1.5,,
110381_PE,EXN_EXN_G14_PE,WZ_COAST,0,,190,,15,15,,,2.76,,
110451_P1,FOR_FORMOSG1_P1,WZ_COAST,0,,94.4687367179214,,20,20,,,1.21,,
110452_P2,FOR_FORMOSG2_P2,WZ_COAST,0,,94.4687367179214,,20,20,,,1.21,,
110453_P3,FOR_FORMOSG3_P3,WZ_COAST,0,,94.4687367179214,,20,20,,,1.21,,
110454_P4,FOR_FORMOSG4_P4,WZ_COAST,0,,94.4687367179214,,20,20,,,1.21,,
110455_P5,FOR_FORMOSG5_P5,WZ_COAST,0,,94.4687367179214,,20,20,,,1.21,,
110456_P6,FOR_FORMOSG6_P6,WZ_COAST,0,,33.5888841663721,,20,20,,,1.21,,
110457_P7,FOR_FORMOSG7_P7,WZ_COAST,0,,65.0784630723459,,20,20,,,2.19321243523316,,
110458_P8,FOR_FORMOSG8_P8,WZ_COAST,0,,39.8867999475668,,20,20,,,2.19321243523316,,
110459_P9,FOR_FORMOSG9_P9,WZ_COAST,0,,54.5819367703546,,20,20,,,2.19321243523316,,
110460_PA,FO_FORMOSG10_PA,WZ_COAST,0,,88.1708209367267,,20,20,,,1.21,,
110467_PB,FO_FORMOSG11_PB,WZ_COAST,0,,150.205291381495,,20,20,,,1.21,,
110469_PC,FO_FORMOSG12_PC,WZ_COAST,0,,150.205291381495,,20,20,,,1.21,,
110481_N1,SJS_SJS_G1_N1,WZ_COAST,0,,103,,50,50,,,2.01366666666667,,
110482_N2,SJS_SJS_G2_N2,WZ_COAST,0,,103,,50,50,,,2.01366666666667,,
110501_PE,SCLP_SCLPC_1_PE,WZ_COAST,0,,135,,50,50,,,2.01366666666667,,
110502_PE,SCLP_SCLPC_2_PE,WZ_COAST,0,,135,,50,50,,,2.01366666666667,,
110503_PE,SCLP_SCLPC_3_PE,WZ_COAST,0,,135,,50,50,,,2.01366666666667,,
110504_PE,SCLP_SCLPC_4_PE,WZ_COAST,0,,135,,50,50,,,2.01366666666667,,
110521_PE,CAL_CALGT1_PE,WZ_COAST,0,,199.433999737834,,20,20,,,2.19321243523316,,
110522_PE,CAL_CALSTG1_PE,WZ_COAST,0,,83.9722104159302,,20,20,,,2.19321243523316,,
110551_P1,BSF_GN_P1,WZ_COAST,0,,81.6,,50,50,,,2.01366666666667,,
110561_PE,MSN_110561_PE,WZ_COAST,0,,46.1,,50,50,,,2.01366666666667,,
110571_PE,PSA_PSA_G1_PE,WZ_COAST,0,,88.1708209367267,,20,20,,,2.19321243523316,,
110572_PE,PSA_PSA_G2_PE,WZ_COAST,0,,87.1211683065275,,20,20,,,2.19321243523316,,
110573_PE,PSA_PSA_G3_PE,WZ_COAST,0,,89.2204735669258,,20,20,,,2.19321243523316,,
110574_PE,PSA_PSA_G4_PE,WZ_COAST,0,,91.3197788273241,,20,20,,,2.19321243523316,,
110575_PE,PSA_PSA_G5_PE,WZ_COAST,0,,90.2701261971249,,20,20,,,2.19321243523316,,
110576_PE,PSA_PSA_G6_PE,WZ_COAST,0,,89.2204735669258,,20,20,,,2.19321243523316,,
110577_PE,PSA_PSA_G7_PE,WZ_COAST,0,,145.901715597679,,20,20,,,2.19321243523316,,
110601_C1,TXCTY_CTA_C1,WZ_COAST,0,,120.7100524729,,20,20,,,3.59,,
110602_C2,TXCTY_CTB_C2,WZ_COAST,0,,115.461789321904,,20,20,,,3.59,,
110603_C3,TXCTY_CTC_C3,WZ_COAST,0,,115.461789321904,,20,20,,,3.59,,
110604_C0,TXCTY_ST_C0,WZ_COAST,0,,146.951368227878,,20,20,,,3.59,,
110621_C2,PSG_PSG_GT2_C2,WZ_COAST,0,,194.185736586838,,20,20,,,1.06,,
110622_C3,PSG_PSG_GT3_C3,WZ_COAST,0,,194.185736586838,,20,20,,,1.06,,
110623_C0,PSG_PSG_ST2_C0,WZ_COAST,0,,194.185736586838,,20,20,,,1.06,,
110661_PE,CHE_CHEGT1_PE,WZ_COAST,0,,154.298936639272,,20,20,,,2.19321243523316,,
110662_PE,CHE_CHEST1_PE,WZ_COAST,0,,192.08643132644,,20,20,,,2.19321243523316,,
110663_C2,CHE_GT2_C2,WZ_COAST,0,,265.67025024516,,40,40,,,25.952688172043,,
110668_C3,CHE_GT3_C3,WZ_COAST,0,,265.67025024516,,40,40,,,25.952688172043,,
110681_P1,DUP_DUPV1_G1_P1,WZ_COAST,0,,94,,50,50,,,2.01366666666667,,
110701_PE,LHM_CVC_G4_PE,WZ_COAST,0,,192,,50,50,,,2.01366666666667,,
110722_N2,UCC__UCC_C_2_N2,WZ_COAST,0,,38,,200,200,,,0,,
110731_PE,BTE_BTE_G1_PE,WZ_COAST,0,,283.406210153764,,20,20,,,0.95,,
110732_PE,BTE_BTE_G2_PE,WZ_COAST,0,,241.420104945799,,20,20,,,0.95,,
110733_PE,BTE_BTE_G3_PE,WZ_COAST,0,,241.420104945799,,20,20,,,0.95,,
110734_PE,BTE_BTE_G4_PE,WZ_COAST,0,,241.420104945799,,20,20,,,0.95,,
110751_C1,DDPEC_GT1_C1,WZ_COAST,0,,223.576010232414,,20,20,,,0.79,,
110752_C2,DDPEC_GT2_C2,WZ_COAST,0,,223.576010232414,,20,20,,,0.79,,
110753_C3,DDPEC_GT3_C3,WZ_COAST,0,,223.576010232414,,20,20,,,0.79,,
110754_C4,DDPEC_GT4_C4,WZ_COAST,0,,223.576010232414,,20,20,,,0.79,,
110755_C0,DDPEC_ST1_C0,WZ_COAST,0,,304.399262757747,,20,20,,,0.79,,
110756_chg,110756_chg,WZ_COAST,1,,0,,,,,,,,
110761_C6,DDPEC_GT6_C6,WZ_COAST,0,,208.880873409626,,20,20,,,0.79,,
110771_C1,BVE_UNIT1_C1,WZ_COAST,0,,204.68226288883,,20,20,,,1.14,,
110772_C2,BVE_UNIT2_C2,WZ_COAST,0,,204.68226288883,,20,20,,,1.14,,
110773_C0,BVE_UNIT3_C0,WZ_COAST,0,,288.65447330476,,20,20,,,1.14,,
110791_C1,CBEC_GT1_C1,WZ_COAST,0,,92.3694314575232,,20,20,,,1.38,,
110792_C2,CBEC_GT2_C2,WZ_COAST,0,,92.3694314575232,,20,20,,,1.38,,
110793_C0,CBEC_STG1_C0,WZ_COAST,0,,110.213526170908,,20,20,,,1.38,,
110794_C3,CBEC_GT3_C3,WZ_COAST,0,,92.3694314575232,,20,20,,,1.38,,
110795_C4,CBEC_GT4_C4,WZ_COAST,0,,92.3694314575232,,20,20,,,1.38,,
110796_C0,CBEC_STG2_C0,WZ_COAST,0,,113.362484061506,,20,20,,,1.38,,
110821_C1,CVC_CVC_G1_C1,WZ_COAST,0,,204.68226288883,,20,20,,,0.82,,
110822_C2,CVC_CVC_G2_C2,WZ_COAST,0,,200.483652368033,,20,20,,,0.82,,
110823_C3,CVC_CVC_G3_C3,WZ_COAST,0,,200.483652368033,,20,20,,,0.82,,
110824_C0,CVC_CVC_G5_C0,WZ_COAST,0,,157.447894529869,,20,20,,,0.82,,
110841_P1,WRN_TARGA_1_P1,WZ_COAST,0,,16,,200,200,,,0,,
110861_P1,VISTRON_TG1_P1,WZ_COAST,0,,16,,200,200,,,0,,
110862_P2,VISTRON_TG2_P2,WZ_COAST,0,,14,,200,200,,,0,,
110881_C5,VIC_VICTORG5_C5,WZ_COAST,0,,183.689210284847,,20,20,,,2.55,,
110882_C0,VIC_VICTORG6_C0,WZ_COAST,0,,201.533304998232,,20,20,,,2.55,,
110921_P1,PR_PR_G2_P1,WZ_COAST,0,,35,,200,200,,,0,,
110941_PE,SL_SL_G1_PE,WZ_COAST,0,,88.2,,50,50,,,2.01366666666667,,
110942_PE,SL_SL_G2_PE,WZ_COAST,0,,88.2,,50,50,,,2.01366666666667,,
110943_PE,SL_SL_G3_PE,WZ_COAST,0,,46.9,,50,50,,,2.01366666666667,,
110944_PE,SL_SL_G4_PE,WZ_COAST,0,,46.9,,50,50,,,2.01366666666667,,
110971_N1,AZ_AZ_G1_N1,WZ_COAST,0,,60.2011404496423,,40,40,,,3.88,,
110972_N2,AZ_AZ_G2_N2,WZ_COAST,0,,60.2011404496423,,40,40,,,3.88,,
110973_N3,AZ_AZ_G3_N3,WZ_COAST,0,,60.2011404496423,,40,40,,,3.88,,
110974_N4,AZ_AZ_G4_N4,WZ_COAST,0,,60.2011404496423,,40,40,,,3.88,,
111011_P1,TC_TCHP1_P1,WZ_COAST,0,,48,,50,50,,,2.01366666666667,,
111041_PE,BFM_HYD_ST1_PE,WZ_COAST,0,,16,,150,150,,,23.5191304347826,,
111101_PE,RNPCOGEN_1_PE,WZ_COAST,0,,15.5348589269471,,20,20,,,2.19321243523316,,
111132_N1,BAC_CTG1_N1,WZ_COAST,0,,109.932517342825,,40,40,,,6.93,,
111133_N2,BAC_CTG2_N2,WZ_COAST,0,,109.932517342825,,40,40,,,6.93,,
111134_N3,BAC_CTG3_N3,WZ_COAST,0,,109.932517342825,,40,40,,,6.93,,
111135_N4,BAC_CTG4_N4,WZ_COAST,0,,109.932517342825,,40,40,,,6.93,,
111136_N5,BAC_CTG5_N5,WZ_COAST,0,,109.932517342825,,40,40,,,6.93,,
111137_N6,BAC_CTG6_N6,WZ_COAST,0,,109.932517342825,,40,40,,,6.93,,
111141_C1,CBECII_CT7_C1,WZ_COAST,0,,393.619736324673,,20,20,,,0.97,,
111142_C2,CBECII_CT8_C2,WZ_COAST,0,,393.619736324673,,20,20,,,0.97,,
111143_C0,CBECII_STG9_C0,WZ_COAST,0,,551.067630854542,,20,20,,,0.97,,
111161_1,MIRAGE_G1_1,WZ_COAST,0,,11,,200,200,,,0,,
111181_N1,111181__N1,WZ_COAST,0,,129,,50,50,,,2.01366666666667,,
111201_P1,NA_GT1_P1,WZ_COAST,0,,0.104965263019913,,20,20,,,2.19321243523316,,
111202_P2,NA_GT2_P2,WZ_COAST,0,,0.104965263019913,,20,20,,,2.19321243523316,,
111203_P3,NA_ST1_P3,WZ_COAST,0,,0.104965263019913,,20,20,,,2.19321243523316,,
111221_1,CALHOUN_G1_1,WZ_COAST,0,,79.1775868957251,,40,40,,,6.81,,
111241_2,CALHOUN_G2_2,WZ_COAST,0,,79.1775868957251,,40,40,,,6.81,,
111261_1,CHAMON_G1_1,WZ_COAST,0,,65.436022227872,,40,40,,,21.63,,
111262_1,CHAMON_G2_1,WZ_COAST,0,,65.436022227872,,40,40,,,21.63,,
120001_EQ,WLSH_WLSHG1_EQ,WZ_EAST,0,,575.433018554548,,5,5,,,3.4764,,
120013_N7,ATK_ATKINSG7_N7,WZ_EAST,0,,20,,200,200,,,0,,
120041_L1,MLSES_UNIT1_L1,WZ_EAST,0,,686.40938641864,,5,5,,,2.69,,
120042_L2,MLSES_UNIT2_L2,WZ_EAST,0,,686.40938641864,,5,5,,,2.69,,
120043_L3,MLSES_UNIT3_L3,WZ_EAST,0,,686.40938641864,,5,5,,,2.69,,
120051_N1,DAN_DANSBYG1_N1,WZ_EAST,0,,115.461789321904,,15,15,,,19.13,,
120052_N1,DAN_DANSBYG2_N1,WZ_EAST,0,,62.8185813387571,,40,40,,,5.92,,
120053_N1,DAN_DANSBYG3_N1,WZ_EAST,0,,65.436022227872,,40,40,,,5.92,,
120061_L1,GIB_GIB_CRG1_L1,WZ_EAST,0,,405.269254496275,,5,5,,,7.34,,
120071_L1,TNP__TNP_O_1_L1,WZ_EAST,0,,158,,50,50,,,2.01366666666667,,
120072_L2,TNP__TNP_O_2_L2,WZ_EAST,0,,158,,50,50,,,2.01366666666667,,
120081_C1,TAM_TAM_GTG1_C1,WZ_EAST,0,,35.6881894267703,,20,20,,,2.19321243523316,,
120082_C0,TAM_TAM_STG2_C0,WZ_EAST,0,,11.5461789321904,,20,20,,,2.19321243523316,,
120091_C1,FTR_FTR_G1_C1,WZ_EAST,0,,236.878400464897,,40,40,,,25.952688172043,,
120092_C2,FTR_FTR_G2_C2,WZ_EAST,0,,236.878400464897,,40,40,,,25.952688172043,,
120093_C3,FTR_FTR_G3_C3,WZ_EAST,0,,236.878400464897,,40,40,,,25.952688172043,,
120094_C0,FTR_FTR_G4_C0,WZ_EAST,0,,522.179457378419,,40,40,,,25.952688172043,,
120095_chg,120095_chg,WZ_EAST,1,,0,,,,,,,,
120101_C1,TGCCS_CT1_C1,WZ_EAST,0,,194.185736586838,,20,20,,,2.19321243523316,,
120102_C2,TGCCS_CT2_C2,WZ_EAST,0,,194.185736586838,,20,20,,,2.19321243523316,,
120103_C3,TGCCS_CT3_C3,WZ_EAST,0,,194.185736586838,,20,20,,,2.19321243523316,,
120104_C0,TGCCS_UNIT4_C0,WZ_EAST,0,,430.357578381642,,20,20,,,2.19321243523316,,
120111_C1,FREC_GT1_C1,WZ_EAST,0,,204.68226288883,,20,20,,,0.77,,
120112_C2,FREC_GT2_C2,WZ_EAST,0,,204.68226288883,,20,20,,,0.77,,
120113_C0,FREC_ST3_C0,WZ_EAST,0,,199.433999737834,,20,20,,,0.77,,
120114_C3,FREC_GT4_C3,WZ_EAST,0,,204.68226288883,,20,20,,,0.77,,
120115_C4,FREC_GT5_C4,WZ_EAST,0,,204.68226288883,,20,20,,,0.77,,
120116_C0,FREC_ST6_C0,WZ_EAST,0,,199.433999737834,,20,20,,,0.77,,
120131_L1,OGSES_UNIT1A_L1,WZ_EAST,0,,723.401509040004,,5,5,,,2.31,,
120132_L2,OGSES_UNIT2_L2,WZ_EAST,0,,723.401509040004,,5,5,,,2.31,,
120141_N1,SCSES_UNIT1A_N1,WZ_EAST,0,,204.68226288883,,15,15,,,3.07,,
120142_N2,SCSES_UNIT2_N2,WZ_EAST,0,,545.819367703546,,15,15,,,3.07,,
120151_N6,TRSES_UNIT6_N6,WZ_EAST,0,,262.413157549782,,15,15,,,3.07,,
120161_R1,NACPW_UNIT1_R1,WZ_EAST,0,,105,,50,50,,,2.01366666666667,,
130001_C1,FLCNS_UNIT1_C1,WZ_FAR_WEST,0,,101.425834453202,,40,40,,,25.952688172043,,
130002_C2,FLCNS_UNIT2_C2,WZ_FAR_WEST,0,,101.425834453202,,40,40,,,25.952688172043,,
130003_C0,FLCNS_UNIT3_C0,WZ_FAR_WEST,0,,98.154033341808,,40,40,,,25.952688172043,,
130011_N1,PB2SES_CT1_N1,WZ_FAR_WEST,0,,124.328442232957,,40,40,,,16.07,,
130012_N2,PB2SES_CT2_N2,WZ_FAR_WEST,0,,124.328442232957,,40,40,,,16.07,,
130013_N3,PB2SES_CT3_N3,WZ_FAR_WEST,0,,124.328442232957,,40,40,,,16.07,,
130014_N4,PB2SES_CT4_N4,WZ_FAR_WEST,0,,124.328442232957,,40,40,,,16.07,,
130015_N5,PB2SES_CT5_N5,WZ_FAR_WEST,0,,124.328442232957,,40,40,,,16.07,,
130121_W1,SGM_SIGNALMT_W1,WZ_FAR_WEST,0,,31.3908137378217,,50,50,,,2.01366666666667,,
130121_W2,SGM_SIGNALMT_W2,WZ_FAR_WEST,0,,7.47939966316328,,50,50,,,2.01366666666667,,
130221_W1,SW_M_SW_MESA_W1,WZ_FAR_WEST,0,,90.9993625684866,,50,50,,,2.01366666666667,,
130321_C1,OECCS_CT11_C1,WZ_FAR_WEST,0,,200,,20,20,,,0.7,,
130322_C2,OECCS_CT12_C2,WZ_FAR_WEST,0,,200,,20,20,,,0.7,,
130323_C0,OECCS_UNIT1_C0,WZ_FAR_WEST,0,,240,,20,20,,,0.7,,
130324_C1,OECCS_CT21_C1,WZ_FAR_WEST,0,,200,,20,20,,,0.7,,
130325_C2,OECCS_CT22_C2,WZ_FAR_WEST,0,,200,,20,20,,,0.7,,
130326_C0,OECCS_UNIT2_C0,WZ_FAR_WEST,0,,240,,20,20,,,0.7,,
130328_chg,130328_chg,WZ_FAR_WEST,1,,0,,,,,,,,
130331_W1,INDN_INDNNWP_W1,WZ_FAR_WEST,0,,93.492495789541,,50,50,,,2.01366666666667,,
130431_W1,WOO_WOODWRD1_W1,WZ_FAR_WEST,0,,93.492495789541,,50,50,,,2.78,,
130531_W1,WOO_WOODWRD2_W1,WZ_FAR_WEST,0,,87.5089760590104,,50,50,,,2.78,,
130631_W1,KING__KINGSW_W1,WZ_FAR_WEST,0,,89.86612019528,,50,50,,,2.01366666666667,,
130731_W1,KING__KINGNW_W1,WZ_FAR_WEST,0,,89.86612019528,,50,50,,,2.01366666666667,,
130831_W1,KING__KINGNE_W1,WZ_FAR_WEST,0,,89.86612019528,,50,50,,,2.36,,
130931_W1,KING__KINGSE_W1,WZ_FAR_WEST,0,,45.6696676402243,,50,50,,,2.01366666666667,,
131031_W1,INDN_INDNENR_W1,WZ_FAR_WEST,0,,101.674505724092,,50,50,,,2.01366666666667,,
131032_W1,IN_INDNENR_2_W1,WZ_FAR_WEST,0,,91.2600083143241,,50,50,,,2.01366666666667,,
131131_PE,CARBN_BSP_1_PE,WZ_WEST,0,,239.018987341772,,200,200,,,0,,
131141_W1,MCDLD_FCW1_W1,WZ_FAR_WEST,0,,150.947884111113,,50,50,,,2.01366666666667,,
131142_W2,MCDLD_SBW1_W2,WZ_FAR_WEST,0,,112.190994947449,,50,50,,,2.01366666666667,,
131241_C1,QALSW_GT1_C1,WZ_FAR_WEST,0,,90,,20,20,,,4.24,,
131242_C2,QALSW_GT2_C2,WZ_FAR_WEST,0,,90,,20,20,,,4.24,,
131243_C0,QALSW_STG1_C0,WZ_FAR_WEST,0,,98,,20,20,,,4.24,,
131244_C3,QALSW_GT3_C3,WZ_FAR_WEST,0,,90,,20,20,,,4.24,,
131245_C4,QALSW_GT4_C4,WZ_FAR_WEST,0,,90,,20,20,,,4.24,,
131246_C0,QALSW_STG2_C0,WZ_FAR_WEST,0,,98,,20,20,,,4.24,,
131251_W1,SWEC_G1_W1,WZ_FAR_WEST,0,,135.989084784787,,50,50,,,2.01366666666667,,
131351_W1,PC__PANTHER1_W1,WZ_FAR_WEST,0,,171.686219540793,,50,50,,,1.95,,
131451_W1,KEO_KEO_SM1_W1,WZ_FAR_WEST,0,,169.986355980984,,50,50,,,2.01366666666667,,
131455_W1,KEO_SHRBINO2_W1,WZ_FAR_WEST,0,,164.320144114951,,50,50,,,2.01366666666667,,
131551_W1,OWF_OWF_W1,WZ_FAR_WEST,0,,66.6346515445456,,50,50,,,2.4,,
131651_W1,ELB_ELBCREEK_W1,WZ_FAR_WEST,0,,134.629193936939,,50,50,,,2.05,,
131751_W2,PC__PANTHER2_W2,WZ_FAR_WEST,0,,141.088675464216,,50,50,,,2.02,,
131752_W3,PC__PANTHER3_W3,WZ_FAR_WEST,0,,236.167710576247,,50,50,,,1.91,,
131851_BT,NWF_NWF1_BT,WZ_FAR_WEST,0,,41.9299678086426,,50,50,,,2.08,,
131851_W1,NWF_NWF1_W1,WZ_FAR_WEST,0,,104.949576182659,,50,50,,,2.08,,
131851_W2,NWF_NWF1_W2,WZ_FAR_WEST,0,,67.9945423923935,,50,50,,,2.08,,
131951_W1,BULLCRK_WND1_W1,WZ_FAR_WEST,0,,100.858571215384,,50,50,,,2.03,,
131952_W1,BULLCRK_WND2_W1,WZ_FAR_WEST,0,,103.125055961797,,50,50,,,2.01366666666667,,
132111_W1,SRWE1_UNIT1_W1,WZ_FAR_WEST,0,,239.340789221225,,50,50,,,2.01366666666667,,
132161_W2,SRWE1_SRWE2_W2,WZ_FAR_WEST,0,,186.622354019656,,50,50,,,2.01366666666667,,
132211_W1,RSNAKE_G1_W1,WZ_FAR_WEST,0,,118.197179525444,,50,50,,,1.96,,
132212_W2,RSNAKE_G2_W2,WZ_FAR_WEST,0,,116.723964440275,,50,50,,,1.98,,
132311_N1,ECEC_G1_N1,WZ_FAR_WEST,0,,232.952239131224,,40,40,,,2.44,,
132312_N2,ECEC_G2_N2,WZ_FAR_WEST,0,,232.952239131224,,40,40,,,2.44,,
132332_S1,REROCK_UNIT1_S1,WZ_FAR_WEST,0,,833.02231747333,,200,200,,,0,,
132333_S2,REROCK_UNIT2_S2,WZ_FAR_WEST,0,,833.02231747333,,200,200,,,0,,
132382_W1,GUNMTN_G1_W1,WZ_FAR_WEST,0,,135.989084784787,,50,50,,,1.8,,
132431_S1,SIRIUS_UNIT1_S1,WZ_FAR_WEST,0,,1164.96268255788,,200,200,,,0,,
132436_1,SIRIUS_UNIT2_1,WZ_FAR_WEST,0,,519.053246039854,,200,200,,,0,,
132481_S1,RIGGINS_S1_S1,WZ_FAR_WEST,0,,1585.70238097715,,200,200,,,0,,
132631_W1,SANTRITA_G1_W1,WZ_WEST,0,,171.673516568199,,50,50,,,2.01366666666667,,
132681_W2,SANTRITA_G2_W2,WZ_WEST,0,,171.673516568199,,50,50,,,2.01366666666667,,
132731_1,BOOTLE_UNIT1_1,WZ_FAR_WEST,0,,1280.08467541682,,200,200,,,0,,
132781_G1,CASLGP_UNIT1_G1,WZ_FAR_WEST,0,,1902.84285717258,,200,200,,,0,,
132831_S1,HOLMAN_UNIT1_S1,WZ_FAR_WEST,0,,528.567460325717,,200,200,,,0,,
132881_S1,LMESASLR_G1_S1,WZ_FAR_WEST,0,,1074.04907938186,,200,200,,,0,,
132931_BT,TOSBATT_U1_BT,WZ_FAR_WEST,0,,23.2569682543316,,200,200,,,0,,
132941_1,SPTX12B_W1_1,WZ_FAR_WEST,0,,178.485673780033,,50,50,,,2.01366666666667,,
132991_W1,BEARKAT_W1_W1,WZ_FAR_WEST,0,,222.795450572409,,50,50,,,2.01366666666667,,
13436_chg,13436_chg,WZ_NORTH_CENTRAL,1,,0,,,,,,,,
140001_EQ,DCTM_DCTMG1_EQ,WZ_NORTH,0,,394.800032735279,,50,50,,,2.01366666666667,,
140003_C1,PSHRM_CT2_C1,WZ_NORTH,0,,223.45,,20,20,,,0.86,,
140004_C2,PSHRM_CT1_C2,WZ_NORTH,0,,223.45,,20,20,,,0.86,,
140005_C0,PSHRM_ST1_C0,WZ_NORTH,0,,353.1,,20,20,,,0.86,,
140011_H1,DND_DENISOG1_H1,WZ_NORTH,0,,44,,150,150,,,3.68,,
140012_H2,DND_DENISOG2_H2,WZ_NORTH,0,,44,,150,150,,,3.68,,
140031_PE,OKLA_OKLA_G1_PE,WZ_NORTH,0,,567.212546860912,,5,5,,,4.54,,
140041_C1,WFCOGE_UNIT1_C1,WZ_NORTH,0,,22,,20,20,,,8.6,,
140041_C3,WFCOGE_UNIT1_C3,WZ_NORTH,0,,22,,20,20,,,8.6,,
140042_C0,WFCOGE_UNIT2_C0,WZ_NORTH,0,,17,,20,20,,,8.6,,
140042_C2,WFCOGE_UNIT2_C2,WZ_NORTH,0,,22,,20,20,,,8.6,,
140051_C1,TNSKA_GT1_C1,WZ_NORTH,0,,89,,20,20,,,8.6,,
140052_C2,TNSKA_GT2_C2,WZ_NORTH,0,,89,,20,20,,,8.6,,
140053_C0,TNSKA_STG_C0,WZ_NORTH,0,,90,,20,20,,,8.6,,
140061_C1,LPCCS_CT11_C1,WZ_NORTH,0,,186,,20,20,,,0.77,,
140062_C2,LPCCS_CT12_C2,WZ_NORTH,0,,186,,20,20,,,0.77,,
140063_C0,LPCCS_UNIT1_C0,WZ_NORTH,0,,216,,20,20,,,0.77,,
140064_C4,LPCCS_CT21_C4,WZ_NORTH,0,,186,,20,20,,,0.77,,
140065_C5,LPCCS_CT22_C5,WZ_NORTH,0,,186,,20,20,,,0.77,,
140066_C0,LPCCS_UNIT2_C0,WZ_NORTH,0,,216,,20,20,,,0.77,,
140071_C1,KMCHI_1CT101_C1,WZ_NORTH,0,,185,,20,20,,,1.01,,
140072_C2,KMCHI_1CT201_C2,WZ_NORTH,0,,185,,20,20,,,1.01,,
140073_C0,KMCHI_1ST_C0,WZ_NORTH,0,,320,,20,20,,,1.01,,
140074_C4,KMCHI_2CT101_C4,WZ_NORTH,0,,185,,20,20,,,1.01,,
140075_C5,KMCHI_2CT201_C5,WZ_NORTH,0,,185,,20,20,,,1.01,,
140076_C0,KMCHI_2ST_C0,WZ_NORTH,0,,320,,20,20,,,1.01,,
140081_W1,WEC_WECG1_W1,WZ_NORTH,0,,107.313827079862,,50,50,,,2.01366666666667,,
140181_W1,MWEC_G1_W1,WZ_NORTH,0,,269.181840501327,,50,50,,,2.01366666666667,,
140281_W1,WHTTAIL_WR1_W1,WZ_NORTH,0,,215.345472401061,,50,50,,,1.97,,
140331_W1,MOZART_WIND1_W1,WZ_NORTH,0,,53.8363681002653,,50,50,,,2.01366666666667,,
140381_BT,BLSMT_1_5_BT,WZ_NORTH,0,,53.8363681002653,,50,50,,,2.01366666666667,,
140381_W1,BLSMT_1_5_W1,WZ_NORTH,0,,16.1509104300796,,50,50,,,2.01366666666667,,
140382_W2,BLSMT_1_6_W2,WZ_NORTH,0,,226.830564262451,,50,50,,,1.88,,
140401_W2,BCAT_WND1_W2,WZ_NORTH,0,,269.181840501327,,50,50,,,1.91,,
140441_W1,SSPUR2_WIND_W1,WZ_NORTH,0,,288.832114857923,,50,50,,,2.01366666666667,,
140471_W1,MIAMI_G1_W1,WZ_NORTH,0,,258.952930562276,,50,50,,,2.01366666666667,,
140472_W1,MIAMI_G2_W1,WZ_NORTH,0,,258.952930562276,,50,50,,,2.01366666666667,,
140501_W1,PH1_UNIT1_W1,WZ_NORTH,0,,195.874652604799,,50,50,,,2.01366666666667,,
140502_W2,PH1_UNIT2_W2,WZ_NORTH,0,,195.874652604799,,50,50,,,2.01366666666667,,
140601_W1,PH2_UNIT1_W1,WZ_NORTH,0,,169.019277650783,,50,50,,,2.01366666666667,,
140602_W2,PH2_UNIT2_W2,WZ_NORTH,0,,173.353105282854,,50,50,,,2.01366666666667,,
140651_W1,GRANDVW1_1A_W1,WZ_NORTH,0,,192.73419779895,,50,50,,,1.95,,
140652_W2,GRANDVW1_1B_W2,WZ_NORTH,0,,186.273833626918,,50,50,,,2.01366666666667,,
140654_W3,GRANDV_COLA_W3,WZ_NORTH,0,,179.813469454886,,50,50,,,2.01366666666667,,
140655_W4,GRANDV_COLB_W4,WZ_NORTH,0,,179.813469454886,,50,50,,,2.01366666666667,,
140701_W1,WNDTHST_G1_W1,WZ_NORTH,0,,121.347173697998,,50,50,,,2.01366666666667,,
140751_W1,HRFDWIND_G_W1,WZ_NORTH,0,,179.275105773883,,50,50,,,2.01366666666667,,
140752_W2,HRFDWIND_V_W2,WZ_NORTH,0,,179.454560334218,,50,50,,,2.01366666666667,,
140801_W1,SPURTRES_G1_W1,WZ_NORTH,0,,172.276377920849,,50,50,,,2.01366666666667,,
140802_W2,SPURTRES_G2_W2,WZ_NORTH,0,,175.865469127533,,50,50,,,2.01366666666667,,
140803_chg,140803_chg,WZ_NORTH,1,,0,,,,,,,,
140851_W1,LHORNN_UNIT1_W1,WZ_NORTH,0,,179.454560334218,,50,50,,,1.95,,
140852_W2,LHORNN_UNIT2_W2,WZ_NORTH,0,,179.454560334218,,50,50,,,2.01366666666667,,
140901_W1,WAKE_UNIT1_W1,WZ_NORTH,0,,206.193289824016,,50,50,,,1.79,,
140902_W2,WAKE_UNIT2_W2,WZ_NORTH,0,,255.453566635759,,50,50,,,2.01366666666667,,
140951_W1,GPST_WIND_I_W1,WZ_NORTH,0,,269.181840501327,,50,50,,,1.82,,
140952_W2,GPST_WIND_II_W2,WZ_NORTH,0,,269.181840501327,,50,50,,,1.82,,
141001_W1,SCLAY_UNIT1_W1,WZ_NORTH,0,,366.266757642138,,50,50,,,1.97,,
141051_W1,JRDWIND_1_W1,WZ_NORTH,0,,262.272839928459,,50,50,,,2.01366666666667,,
141052_W2,JRDWIND_2_W2,WZ_NORTH,0,,275.552477393191,,50,50,,,2.01366666666667,,
141151_W1,RT66_WIND1_W1,WZ_NORTH,0,,269.181840501327,,50,50,,,2.01366666666667,,
141202_W1,SPLAIN1_G1_W1,WZ_NORTH,0,,183.043651540902,,50,50,,,2.01366666666667,,
141205_W2,SPLAIN1_G2_W2,WZ_NORTH,0,,175.865469127533,,50,50,,,2.01366666666667,,
141302_W1,BRISCOE_G1_W1,WZ_NORTH,0,,268.822931380658,,50,50,,,1.82,,
141353_W1,ELECTRA_1_W1,WZ_NORTH,0,,177.480560170541,,50,50,,,2.01366666666667,,
141354_W2,ELECTRA_2_W2,WZ_NORTH,0,,235.264928598159,,50,50,,,1.79,,
141401_W1,SPLAIN2_WND1_W1,WZ_NORTH,0,,266.490022096313,,50,50,,,1.95,,
141451_W2,SPLAIN2_WND2_W2,WZ_NORTH,0,,272.412022587342,,50,50,,,1.95,,
1414_chg,1414_chg,WZ_WEST,1,,0,,,,,,,,
141501_W1,COTWIND_W1_W1,WZ_NORTH,0,,90.4450984084457,,50,50,,,2.01366666666667,,
141501_W2,COTWIND_W1_W2,WZ_NORTH,0,,271.335295225337,,50,50,,,2.01366666666667,,
141601_N1,ANTLP_G1_N1,WZ_NORTH,0,,73.2883448952167,,50,50,,,7.01,,
141602_N2,ANTLP_G2_N2,WZ_NORTH,0,,73.2883448952167,,50,50,,,7.01,,
141603_N3,ANTLP_G3_N3,WZ_NORTH,0,,73.2883448952167,,50,50,,,7.01,,
141604_N4,ELK_G1_N4,WZ_NORTH,0,,264.361529800603,,40,40,,,1.95,,
141608_N5,ELK_G2_N5,WZ_NORTH,0,,264.361529800603,,40,40,,,1.95,,
141609_N6,ELK_G3_N6,WZ_NORTH,0,,264.361529800603,,40,40,,,1.95,,
141662_S1,SOLARA_UNIT1_S1,WZ_NORTH,0,,1706.4,,200,200,,,0,,
141711_W1,HWFWF_W1_W1,WZ_NORTH,0,,292.869842465443,,50,50,,,1.96,,
141761_W1,MARIAH_W1_W1,WZ_NORTH,0,,206.731653505019,,50,50,,,1.79,,
141762_W2,MARIAH_W2_W2,WZ_NORTH,0,,206.731653505019,,50,50,,,2.01366666666667,,
141811_W1,HORSE_UNIT1_W1,WZ_NORTH,0,,235.264928598159,,50,50,,,1.79,,
141812_W2,HORSE_UNIT2_W2,WZ_NORTH,0,,177.480560170541,,50,50,,,2.01366666666667,,
141861_W1,SALT_UNIT1_W1,WZ_NORTH,0,,114.850918613899,,50,50,,,1.94,,
141862_W2,SALT_UNIT2_W2,WZ_NORTH,0,,197.400016367639,,50,50,,,2.01366666666667,,
142011_W1,TYLRWD_UNIT1_W1,WZ_NORTH,0,,225.394927779777,,50,50,,,1.98,,
142061_1,SALVTION_W1_1,WZ_NORTH,0,,224.318200417772,,50,50,,,1.94,,
142111_2,SALVTION_W2_2,WZ_NORTH,0,,224.318200417772,,50,50,,,2.01366666666667,,
150011_H1,WND_WHITNEY1_H1,WZ_NORTH_CENTRAL,0,,24,,50,50,,,2.01366666666667,,
150012_H2,WND_WHITNEY2_H2,WZ_NORTH_CENTRAL,0,,24,,50,50,,,2.01366666666667,,
150021_N6,MCSES_UNIT6_N6,WZ_NORTH_CENTRAL,0,,128.057620884293,,15,15,,,20.82,,
150022_N7,MCSES_UNIT7_N7,WZ_NORTH_CENTRAL,0,,123.859010363497,,15,15,,,20.82,,
150023_N8,MCSES_UNIT8_N8,WZ_NORTH_CENTRAL,0,,596.202693953104,,15,15,,,20.82,,
150041_N1,GRSES_UNIT1_N1,WZ_NORTH_CENTRAL,0,,260,,50,50,,,2.01366666666667,,
150042_N2,GRSES_UNIT2_N2,WZ_NORTH_CENTRAL,0,,419.861052079651,,15,15,,,3.07,,
150051_N3,HLSES_UNIT3_N3,WZ_NORTH_CENTRAL,0,,414.612788928655,,15,15,,,7.3,,
150052_N4,HLSES_UNIT4_N4,WZ_NORTH_CENTRAL,0,,456.59889413662,,15,15,,,7.3,,
150053_N5,HLSES_UNIT5_N5,WZ_NORTH_CENTRAL,0,,456.59889413662,,15,15,,,7.3,,
150071_N4,SPNC_SPNCE_4_N4,WZ_NORTH_CENTRAL,0,,61,,50,50,,,2.01366666666667,,
150072_N5,SPNC_SPNCE_5_N5,WZ_NORTH_CENTRAL,0,,61,,50,50,,,2.01366666666667,,
150081_N1,OLIN_OLING_1_N1,WZ_NORTH_CENTRAL,0,,89.2204735669258,,15,15,,,3.07,,
150082_N2,OLIN_OLING_2_N2,WZ_NORTH_CENTRAL,0,,131.206578774891,,15,15,,,3.07,,
150083_N3,OLIN_OLING_3_N3,WZ_NORTH_CENTRAL,0,,167.94442083186,,15,15,,,3.07,,
150084_N4,OLIN_OLING_4_N4,WZ_NORTH_CENTRAL,0,,124.328442232957,,40,40,,,81.31,,
150091_N1,LHSES_UNIT1_N1,WZ_NORTH_CENTRAL,0,,435.605841532638,,15,15,,,21.32,,
150092_N2,LH2SES_UNIT2_N2,WZ_NORTH_CENTRAL,0,,575.209641349122,,15,15,,,21.32,,
150101_L1,LEG_LEG_G1_L1,WZ_NORTH_CENTRAL,0,,743.952688274095,,5,5,,,2.72,,
150102_L2,LEG_LEG_G2_L2,WZ_NORTH_CENTRAL,0,,764.503867508186,,5,5,,,2.72,,
150111_U1,CPSES_UNIT1_U1,WZ_NORTH_CENTRAL,0,,1250,,15,15,,,2.86,,
150112_U2,CPSES_UNIT2_U2,WZ_NORTH_CENTRAL,0,,1250,,15,15,,,2.86,,
150121_C1,TEN_CT1_C1,WZ_NORTH_CENTRAL,0,,209.930526039825,,20,20,,,2.19321243523316,,
150122_C0,TEN_STG_C0,WZ_NORTH_CENTRAL,0,,125.958315623895,,20,20,,,2.19321243523316,,
150131_N1,MIL_MILLERG1_N1,WZ_NORTH_CENTRAL,0,,99.7169998689171,,15,15,,,8.32,,
150132_N2,MIL_MILLERG2_N2,WZ_NORTH_CENTRAL,0,,146.951368227878,,15,15,,,8.32,,
150133_N3,MIL_MILLERG3_N3,WZ_NORTH_CENTRAL,0,,241.420104945799,,15,15,,,8.32,,
150134_N4,MIL_MILLERG4_N4,WZ_NORTH_CENTRAL,0,,163.59005556968,,40,40,,,3.05,,
150135_N5,MIL_MILLERG5_N5,WZ_NORTH_CENTRAL,0,,163.59005556968,,40,40,,,3.05,,
150141_C1,BOSQ_BSQSU_1_C1,WZ_NORTH_CENTRAL,0,,188.937473435843,,20,20,,,0.97,,
150142_C2,BOSQ_BSQSU_2_C2,WZ_NORTH_CENTRAL,0,,188.937473435843,,20,20,,,0.97,,
150143_C0,BOSQ_BSQSU_5_C0,WZ_NORTH_CENTRAL,0,,246.668368096795,,20,20,,,0.97,,
150144_C3,BOSQ_BSQSU_3_C3,WZ_NORTH_CENTRAL,0,,188.937473435843,,20,20,,,0.97,,
150145_C0,BOSQ_BSQSU_4_C0,WZ_NORTH_CENTRAL,0,,99.7169998689171,,20,20,,,0.97,,
150151_N1,MDANP_CT1_N1,WZ_NORTH_CENTRAL,0,,278.157947002769,,20,20,,,1.14,,
150152_N2,MDANP_CT2_N2,WZ_NORTH_CENTRAL,0,,278.157947002769,,20,20,,,1.14,,
150153_N3,MDANP_CT3_N3,WZ_NORTH_CENTRAL,0,,278.157947002769,,20,20,,,1.14,,
150154_N4,MDANP_CT4_N4,WZ_NORTH_CENTRAL,0,,278.157947002769,,20,20,,,1.14,,
150155_N5,MDANP_CT5_N5,WZ_NORTH_CENTRAL,0,,293.902736455756,,20,20,,,1.14,,
150156_N6,MDANP_CT6_N6,WZ_NORTH_CENTRAL,0,,293.902736455756,,20,20,,,1.14,,
150161_C1,ETCCS_CT1_C1,WZ_NORTH_CENTRAL,0,,265.562115440379,,20,20,,,2.49,,
150162_C0,ETCCS_UNIT1_C0,WZ_NORTH_CENTRAL,0,,135,,50,50,,,2.01366666666667,,
150171_C1,WHCCS_CT1_C1,WZ_NORTH_CENTRAL,0,,262.413157549782,,20,20,,,2.46,,
150172_C2,WHCCS_CT2_C2,WZ_NORTH_CENTRAL,0,,262.413157549782,,20,20,,,2.46,,
150173_C0,WHCCS_STG_C0,WZ_NORTH_CENTRAL,0,,307.548220648344,,20,20,,,2.46,,
150181_C1,FRNYPP_GT11_C1,WZ_NORTH_CENTRAL,0,,217.278094451219,,20,20,,,0.8,,
150182_C2,FRNYPP_GT12_C2,WZ_NORTH_CENTRAL,0,,217.278094451219,,20,20,,,0.8,,
150183_C3,FRNYPP_GT13_C3,WZ_NORTH_CENTRAL,0,,217.278094451219,,20,20,,,0.8,,
150184_C0,FRNYPP_ST10_C0,WZ_NORTH_CENTRAL,0,,442.953409944032,,20,20,,,0.8,,
150185_C1,FRNYPP_GT21_C1,WZ_NORTH_CENTRAL,0,,217.278094451219,,20,20,,,0.8,,
150186_C2,FRNYPP_GT22_C2,WZ_NORTH_CENTRAL,0,,217.278094451219,,20,20,,,0.8,,
150187_C3,FRNYPP_GT23_C3,WZ_NORTH_CENTRAL,0,,217.278094451219,,20,20,,,0.8,,
150188_C0,FRNYPP_ST20_C0,WZ_NORTH_CENTRAL,0,,442.953409944032,,20,20,,,0.8,,
150191_C1,WCPP_CT1_C1,WZ_NORTH_CENTRAL,0,,288.65447330476,,20,20,,,2.97,,
150192_C2,WCPP_CT2_C2,WZ_NORTH_CENTRAL,0,,288.65447330476,,20,20,,,2.97,,
150193_C0,WCPP_ST1_C0,WZ_NORTH_CENTRAL,0,,304.399262757747,,20,20,,,2.97,,
150201_C1,JACKCNTY_CT1_C1,WZ_NORTH_CENTRAL,0,,208.880873409626,,20,20,,,1.39,,
150202_C2,JACKCNTY_CT2_C2,WZ_NORTH_CENTRAL,0,,208.880873409626,,20,20,,,1.39,,
150203_C0,JACKCNTY_STG_C0,WZ_NORTH_CENTRAL,0,,335.888841663721,,20,20,,,1.39,,
150204_C4,JCKCNTY2_CT3_C4,WZ_NORTH_CENTRAL,0,,208.775908146606,,20,20,,,1.39,,
150205_C5,JCKCNTY2_CT4_C5,WZ_NORTH_CENTRAL,0,,208.775908146606,,20,20,,,1.39,,
150206_C0,JCKCNTY2_ST2_C0,WZ_NORTH_CENTRAL,0,,336.93849429392,,20,20,,,1.39,,
150211_W1,LNCRK_G83_W1,WZ_NORTH_CENTRAL,0,,200,,50,50,,,2.01366666666667,,
150311_W1,LNCRK2_G871_W1,WZ_NORTH_CENTRAL,0,,100,,50,50,,,2.01366666666667,,
150312_W2,LNCRK2_G872_W2,WZ_NORTH_CENTRAL,0,,100,,50,50,,,2.01366666666667,,
150411_W1,BRTSW_BCW1_W1,WZ_NORTH_CENTRAL,0,,120,,50,50,,,2.09,,
150511_W1,FLTCK_SSI_W1,WZ_NORTH_CENTRAL,0,,60,,50,50,,,2.01366666666667,,
150611_W1,HWF_HWFG1_W1,WZ_NORTH_CENTRAL,0,,165.6,,50,50,,,1.96,,
150711_N1,STEA_STEAM_1_N1,WZ_NORTH_CENTRAL,0,,28.7918497802637,,50,50,,,10.1336363636364,,
150712_N1,STE_ENGINE_1_N1,WZ_NORTH_CENTRAL,0,,11.6476119565612,,50,50,,,10.1336363636364,,
150712_N2,STE_ENGINE_1_N2,WZ_NORTH_CENTRAL,0,,11.6476119565612,,50,50,,,10.1336363636364,,
150712_N3,STE_ENGINE_1_N3,WZ_NORTH_CENTRAL,0,,11.6476119565612,,50,50,,,10.1336363636364,,
150713_N2,STEA_STEAM_2_N2,WZ_NORTH_CENTRAL,0,,34.0267315584934,,50,50,,,10.1336363636364,,
150714_N3,STEA_STEAM_3_N3,WZ_NORTH_CENTRAL,0,,56.2749791159699,,50,50,,,10.1336363636364,,
150721_N1,DCSES_CT10_N1,WZ_NORTH_CENTRAL,0,,124.328442232957,,40,40,,,36.73,,
150722_N2,DCSES_CT20_N2,WZ_NORTH_CENTRAL,0,,124.328442232957,,40,40,,,36.73,,
150723_N3,DCSES_CT30_N3,WZ_NORTH_CENTRAL,0,,124.328442232957,,40,40,,,36.73,,
150724_N4,DCSES_CT40_N4,WZ_NORTH_CENTRAL,0,,124.328442232957,,40,40,,,36.73,,
150741_L1,SCES_UNIT1_L1,WZ_NORTH_CENTRAL,0,,809.716461823186,,5,5,,,2.38,,
150751_W1,TRI_TH1_BUS1_W1,WZ_NORTH_CENTRAL,0,,117.5,,50,50,,,2.05,,
150752_W2,TRI_TH1_BUS2_W2,WZ_NORTH_CENTRAL,0,,107.5,,50,50,,,2.01366666666667,,
150801_W1,FG_SENATE_G1_W1,WZ_NORTH_CENTRAL,0,,155,,50,50,,,2.01366666666667,,
150901_C1,PTMPL_CT1_C1,WZ_NORTH_CENTRAL,0,,234.597362849505,,20,20,,,1.05,,
150902_C2,PTMPL_CT2_C2,WZ_NORTH_CENTRAL,0,,234.597362849505,,20,20,,,1.05,,
150903_C0,PTMPL_ST1_C0,WZ_NORTH_CENTRAL,0,,370.632343723312,,20,20,,,1.05,,
150904_C1,PTMPL2_CT1_C1,WZ_NORTH_CENTRAL,0,,234.597362849505,,20,20,,,1.05,,
150905_C2,PTMPL2_CT2_C2,WZ_NORTH_CENTRAL,0,,234.597362849505,,20,20,,,1.05,,
150906_C0,PTMPL2_ST1_C0,WZ_NORTH_CENTRAL,0,,370.632343723312,,20,20,,,1.05,,
150962_W1,GWEC_G1_W1,WZ_NORTH_CENTRAL,0,,148.6,,50,50,,,2.01366666666667,,
150981_W1,KEECHI_U1_W1,WZ_NORTH_CENTRAL,0,,110,,50,50,,,1.83,,
151031_W1,LGW_UNIT1_W1,WZ_NORTH_CENTRAL,0,,103.845,,50,50,,,2.01366666666667,,
151032_W2,LGW_UNIT2_W2,WZ_NORTH_CENTRAL,0,,106.3,,50,50,,,2.01366666666667,,
151081_C1,WHCCS2_G4_C1,WZ_NORTH_CENTRAL,0,,351.633631116708,,20,20,,,0.85,,
151082_C2,WHCCS2_G5_C2,WZ_NORTH_CENTRAL,0,,351.633631116708,,20,20,,,0.85,,
151083_C0,WHCCS2_G6_C0,WZ_NORTH_CENTRAL,0,,495.436041453988,,20,20,,,0.85,,
151091_W1,BUCKTHRN_G1_W1,WZ_NORTH_CENTRAL,0,,44.9,,50,50,,,2.01366666666667,,
151091_W2,BUCKTHRN_G1_W2,WZ_NORTH_CENTRAL,0,,55.7,,50,50,,,2.01366666666667,,
151142_W1,FLAT_TOP_5_W1,WZ_NORTH_CENTRAL,0,,200,,50,50,,,2.02,,
151191_N1,DEC_AGR_A_N1,WZ_NORTH_CENTRAL,0,,56.5,,50,50,,,2.01366666666667,,
151192_N2,DEC_AGR_B_N2,WZ_NORTH_CENTRAL,0,,56.5,,50,50,,,2.01366666666667,,
151193_N3,DEC_AGR_C_N3,WZ_NORTH_CENTRAL,0,,56.5,,50,50,,,2.01366666666667,,
151194_N4,DEC_AGR_D_N4,WZ_NORTH_CENTRAL,0,,56.5,,50,50,,,2.01366666666667,,
1543_chg,1543_chg,WZ_NORTH,1,,0,,,,,,,,
160000_EQ,LARD_VFT_GEN_EQ,WZ_SOUTHERN,0,,143.959248901318,,40,40,,,25.952688172043,,
160002_N4,LARDVFTN_G4_N4,WZ_SOUTHERN,0,,137.415646678531,,40,40,,,2.97,,
160003_N5,LARDVFTN_G5_N5,WZ_SOUTHERN,0,,137.415646678531,,40,40,,,2.97,,
160007_F1,DC__BL_EAGLE_F1,WZ_SOUTHERN,0,,36,,50,50,,,2.01366666666667,,
160007_F2,DC__BL_EAGLE_F2,WZ_SOUTHERN,0,,50,,50,50,,,2.01366666666667,,
160008_B1,DC_R_BL_ROAD_B1,WZ_SOUTHERN,0,,150,,50,50,,,2.01366666666667,,
160051_H1,EA_EAGLE_HY1_H1,WZ_SOUTHERN,0,,10,,150,150,,,13.76,,
160051_H2,EA_EAGLE_HY1_H2,WZ_SOUTHERN,0,,10,,150,150,,,13.76,,
160051_H3,EA_EAGLE_HY1_H3,WZ_SOUTHERN,0,,10,,150,150,,,13.76,,
160061_H1,FAL_FALCONG1_H1,WZ_SOUTHERN,0,,12.5,,150,150,,,10.22,,
160062_H2,FAL_FALCONG2_H2,WZ_SOUTHERN,0,,12.5,,150,150,,,10.22,,
160063_H3,FAL_FALCONG3_H3,WZ_SOUTHERN,0,,12.5,,150,150,,,10.22,,
160074_N1,PEARSAL_ENG1_N1,WZ_SOUTHERN,0,,71.9796244506592,,50,50,,,11.43,,
160075_N2,PEARSA_ENG10_N2,WZ_SOUTHERN,0,,71.9796244506592,,50,50,,,11.43,,
160076_N3,PEARSA_ENG13_N3,WZ_SOUTHERN,0,,71.9796244506592,,50,50,,,11.43,,
160077_N4,PEARSA_ENG19_N4,WZ_SOUTHERN,0,,71.9796244506592,,50,50,,,11.43,,
160091_C0,NUE_NUECESG7_C0,WZ_SOUTHERN,0,,354.782589007305,,20,20,,,1.26,,
160092_C8,NUE_NUECESG8_C8,WZ_SOUTHERN,0,,186.313341860345,,20,20,,,1.26,,
160093_C9,NUE_NUECESG9_C9,WZ_SOUTHERN,0,,186.313341860345,,20,20,,,1.26,,
160101_N1,B_D_B_DAVIG1_N1,WZ_SOUTHERN,0,,351.633631116708,,15,15,,,28.83,,
160102_C0,B_D_B_DAVIG2_C0,WZ_SOUTHERN,0,,354.782589007305,,20,20,,,1.55,,
160103_C3,B_D_B_DAVIG3_C3,WZ_SOUTHERN,0,,186.313341860345,,20,20,,,1.55,,
160104_C4,B_D_B_DAVIG4_C4,WZ_SOUTHERN,0,,186.313341860345,,20,20,,,1.55,,
160121_L1,COL_COLETOG1_L1,WZ_SOUTHERN,0,,554.881839320457,,5,5,,,2.82,,
160131_L1,SAN_SANMIGG1_L1,WZ_SOUTHERN,0,,328.818867745456,,5,5,,,2.88,,
160141_P1,VAL_VALEROG1_P1,WZ_SOUTHERN,0,,20.551179234091,,5,5,,,9.63,,
160142_P2,VAL_VALEROG2_P2,WZ_SOUTHERN,0,,20.551179234091,,5,5,,,9.63,,
160151_PE,INGLCOS_CTG1_PE,WZ_SOUTHERN,0,,209.930526039825,,20,20,,,1.16,,
160152_PE,INGLCOS_CTG2_PE,WZ_SOUTHERN,0,,178.440947133852,,20,20,,,1.16,,
160153_PE,INGLCOSW_STG_PE,WZ_SOUTHERN,0,,185.578585019206,,20,20,,,1.16,,
160161_P1,KOC_KOCHUPG1_P1,WZ_SOUTHERN,0,,49.7313768931827,,40,40,,,1.5,,
160191_C1,DUK_DUKE_GT1_C1,WZ_SOUTHERN,0,,186.838168175445,,20,20,,,1.47,,
160192_C2,DUK_DUKE_GT2_C2,WZ_SOUTHERN,0,,186.838168175445,,20,20,,,1.47,,
160193_C0,DUK_DUKE_ST1_C0,WZ_SOUTHERN,0,,199.433999737834,,20,20,,,1.47,,
160201_PE,LGE_LGE_GT1_PE,WZ_SOUTHERN,0,,176.341641873453,,20,20,,,2.19321243523316,,
160202_PE,LGE_LGE_GT2_PE,WZ_SOUTHERN,0,,176.341641873453,,20,20,,,2.19321243523316,,
160203_PE,LGE_LGE_STG_PE,WZ_SOUTHERN,0,,112.312831431307,,20,20,,,2.19321243523316,,
160211_PE,OXY_OXY_CCG1_PE,WZ_SOUTHERN,0,,38.4,,50,50,,,2.01366666666667,,
160221_P1,CEL_CELANEG1_P1,WZ_SOUTHERN,0,,42,,50,50,,,2.01366666666667,,
160231_C1,NED_NEDIN_G1_C1,WZ_SOUTHERN,0,,288.65447330476,,20,20,,,1.09,,
160232_C2,NED_NEDIN_G2_C2,WZ_SOUTHERN,0,,288.65447330476,,20,20,,,1.09,,
160233_C0,NED_NEDIN_G3_C0,WZ_SOUTHERN,0,,299.150999606751,,20,20,,,1.09,,
160261_PE,CCEC_GT1_PE,WZ_SOUTHERN,0,,217.278094451219,,20,20,,,2.19321243523316,,
160262_PE,CCEC_GT2_PE,WZ_SOUTHERN,0,,217.278094451219,,20,20,,,2.19321243523316,,
160263_PE,CCEC_ST1_PE,WZ_SOUTHERN,0,,205.731915519029,,20,20,,,2.19321243523316,,
160272_C0,SILA_SILAS_6_C0,WZ_SOUTHERN,0,,22.0427052341817,,20,20,,,8.6,,
160273_C9,SILA_SILAS_9_C9,WZ_SOUTHERN,0,,52.4826315099564,,20,20,,,8.6,,
160274_NA,SIL_SILAS_10_NA,WZ_SOUTHERN,0,,65.436022227872,,40,40,,,5.11,,
160291_W1,PENA_UNIT1_W1,WZ_SOUTHERN,0,,160.8,,50,50,,,2.03,,
160292_W2,PENA_UNIT2_W2,WZ_SOUTHERN,0,,141.6,,50,50,,,2.04,,
160293_W3,PENA_UNIT3_W3,WZ_SOUTHERN,0,,100.8,,50,50,,,1.81,,
160296_W1,BAFFIN_UNIT1_W1,WZ_SOUTHERN,0,,100,,50,50,,,2.01366666666667,,
160297_W2,BAFFIN_UNIT2_W2,WZ_SOUTHERN,0,,102,,50,50,,,2.01366666666667,,
160391_W1,PAP1_PAP1_W1,WZ_SOUTHERN,0,,188.9,,50,50,,,1.93,,
160392_W1,COTTON_PAP2_W1,WZ_SOUTHERN,0,,209.1,,50,50,,,2.02,,
160491_W1,TGW_T1_W1,WZ_SOUTHERN,0,,141.6,,50,50,,,2.01366666666667,,
160492_W2,TGW_T2_W2,WZ_SOUTHERN,0,,141.6,,50,50,,,2.01366666666667,,
160591_W1,CEDROHI_CHW1_W1,WZ_SOUTHERN,0,,75,,50,50,,,1.92,,
160593_W2,CEDROHI_CHW2_W2,WZ_SOUTHERN,0,,75,,50,50,,,2.01366666666667,,
160691_W1,REDFISH_G1_W1,WZ_SOUTHERN,0,,104.33,,50,50,,,1.99,,
160693_W2,REDFISH_G2_W2,WZ_SOUTHERN,0,,107.96,,50,50,,,1.97,,
160741_W1,LV1_LV1A_W1,WZ_SOUTHERN,0,,200.1,,50,50,,,2,,
160742_W2,LV1_LV1B_W2,WZ_SOUTHERN,0,,201.6,,50,50,,,2.02,,
160832_W1,EXG_WIND_1_W1,WZ_SOUTHERN,0,,92.3,,50,50,,,2.01366666666667,,
160881_W1,LV3_UNIT1_W1,WZ_SOUTHERN,0,,200,,50,50,,,1.97,,
160982_W1,CAMWIND_G1_W1,WZ_SOUTHERN,0,,165,,50,50,,,2.01366666666667,,
161032_N1,REDGATE_G1_N1,WZ_SOUTHERN,0,,78.5232266734464,,50,50,,,11.18,,
161033_N2,REDGATE_G2_N2,WZ_SOUTHERN,0,,78.5232266734464,,50,50,,,11.18,,
161034_N3,REDGATE_G3_N3,WZ_SOUTHERN,0,,78.5232266734464,,50,50,,,11.18,,
161035_N4,REDGATE_G4_N4,WZ_SOUTHERN,0,,78.5232266734464,,50,50,,,11.18,,
161052_W1,EXGNSND_W1_W1,WZ_SOUTHERN,0,,78,,50,50,,,2.01366666666667,,
161102_W1,BRDS_JAVEL18_W1,WZ_SOUTHERN,0,,19.7,,50,50,,,2.01366666666667,,
161103_W2,BRDS_JAVEL20_W2,WZ_SOUTHERN,0,,230,,50,50,,,2.01366666666667,,
161106_W3,BRDS_JAVEL2A_W3,WZ_SOUTHERN,0,,96,,50,50,,,2.01366666666667,,
161107_W4,BRDS_JAVEL2B_W4,WZ_SOUTHERN,0,,74,,50,50,,,2.01366666666667,,
161108_W5,BRDS_JAVEL2C_W5,WZ_SOUTHERN,0,,30,,50,50,,,2.01366666666667,,
161201_W1,LV5_UNIT_1_W1,WZ_SOUTHERN,0,,110,,50,50,,,1.83,,
161451_W1,CHAWND_UNIT1_W1,WZ_SOUTHERN,0,,150.6,,50,50,,,2.01366666666667,,
161452_W2,CHAWND_UNIT2_W2,WZ_SOUTHERN,0,,98.4,,50,50,,,2.01366666666667,,
161551_W1,LV4_UNIT1_W1,WZ_SOUTHERN,0,,200,,50,50,,,1.96,,
161602_W1,SANROMAN_W1_W1,WZ_SOUTHERN,0,,95.2,,50,50,,,1.98,,
161701_W1,MIRASOLE_W1_W1,WZ_SOUTHERN,0,,52,,200,200,,,0,,
161701_W2,MIRASOLE_W1_W2,WZ_SOUTHERN,0,,98,,200,200,,,0,,
161702_W3,MIRASOLE_W3_W3,WZ_SOUTHERN,0,,100,,200,200,,,0,,
161751_W1,BBREEZE_W1_W1,WZ_SOUTHERN,0,,120,,50,50,,,2.01366666666667,,
161752_W2,BBREEZE_W2_W2,WZ_SOUTHERN,0,,108,,50,50,,,2.01366666666667,,
1695_chg,1695_chg,WZ_EAST,1,,0,,,,,,,,
170011_H1,INKS_INKS_G1_H1,WZ_SOUTH_CENTRAL,0,,19,,150,150,,,51.84,,
170021_H1,AUS_AUSTING1_H1,WZ_SOUTH_CENTRAL,0,,10,,200,200,,,0,,
170021_H2,AUS_AUSTING1_H2,WZ_SOUTH_CENTRAL,0,,10,,200,200,,,0,,
170031_H1,MAR_MARSFOG1_H1,WZ_SOUTH_CENTRAL,0,,41,,150,150,,,10.88,,
170032_H2,MAR_MARSFOG2_H2,WZ_SOUTH_CENTRAL,0,,41,,150,150,,,10.88,,
170033_H3,MAR_MARSFOG3_H3,WZ_SOUTH_CENTRAL,0,,41,,150,150,,,10.88,,
170041_H1,WIR_WIRTZ_G1_H1,WZ_SOUTH_CENTRAL,0,,33,,150,150,,,37.64,,
170042_H2,WIR_WIRTZ_G2_H2,WZ_SOUTH_CENTRAL,0,,33,,150,150,,,37.64,,
170051_H1,MAR_MARBFAG1_H1,WZ_SOUTH_CENTRAL,0,,23,,150,150,,,51.84,,
170052_H2,MAR_MARBFAG2_H2,WZ_SOUTH_CENTRAL,0,,23,,150,150,,,51.84,,
170063_L1,LEON__LCPCT1_L1,WZ_SOUTH_CENTRAL,0,,65.436022227872,,40,40,,,3.25,,
170064_L2,LEON__LCPCT2_L2,WZ_SOUTH_CENTRAL,0,,65.436022227872,,40,40,,,3.25,,
170065_L3,LEON__LCPCT3_L3,WZ_SOUTH_CENTRAL,0,,65.436022227872,,40,40,,,3.25,,
170066_L4,LEON__LCPCT4_L4,WZ_SOUTH_CENTRAL,0,,65.436022227872,,40,40,,,3.25,,
170071_N1,GID_GIDEONG1_N1,WZ_SOUTH_CENTRAL,0,,170.043726092259,,15,15,,,9.8,,
170072_N2,GID_GIDEONG2_N2,WZ_SOUTH_CENTRAL,0,,170.043726092259,,15,15,,,9.8,,
170073_N3,GID_GIDEONG3_N3,WZ_SOUTH_CENTRAL,0,,389.421125803876,,15,15,,,9.8,,
170101_L1,FPPYD_FPP_G1_L1,WZ_SOUTH_CENTRAL,0,,509.669245005457,,5,5,,,2.58,,
170102_L2,FPPYD_FPP_G2_L2,WZ_SOUTH_CENTRAL,0,,509.669245005457,,5,5,,,2.58,,
170103_L3,FPPYD_FPP_G3_L3,WZ_SOUTH_CENTRAL,0,,389.650358278366,,5,5,,,2.58,,
170111_H1,CAN_CANYHYG1_H1,WZ_SOUTH_CENTRAL,0,,3,,150,150,,,27.24,,
170111_H2,CAN_CANYHYG1_H2,WZ_SOUTH_CENTRAL,0,,3,,150,150,,,27.24,,
170121_L1,CALAVER_JTD1_L1,WZ_SOUTH_CENTRAL,0,,378.141697907275,,5,5,,,2.8,,
170122_L2,CALAVER_JTD2_L2,WZ_SOUTH_CENTRAL,0,,378.141697907275,,5,5,,,2.8,,
170123_N1,CALAVER_OWS1_N1,WZ_SOUTH_CENTRAL,0,,472.343683589607,,15,15,,,8.49,,
170124_N2,CALAVER_OWS2_N2,WZ_SOUTH_CENTRAL,0,,472.343683589607,,15,15,,,8.49,,
170125_L1,CALAVER_JKS1_L1,WZ_SOUTH_CENTRAL,0,,465.278697859821,,5,5,,,2.93,,
170126_L2,CALAVER_JKS2_L2,WZ_SOUTH_CENTRAL,0,,657.637735490913,,5,5,,,2.93,,
170131_N1,BRAUNIG_VHB1_N1,WZ_SOUTH_CENTRAL,0,,241.420104945799,,15,15,,,9.81,,
170132_N2,BRAUNIG_VHB2_N2,WZ_SOUTH_CENTRAL,0,,251.91663124779,,15,15,,,9.81,,
170133_N3,BRAUNIG_VHB3_N3,WZ_SOUTH_CENTRAL,0,,446.102367834629,,15,15,,,9.81,,
170134_C1,BRA_AVR1_CT1_C1,WZ_SOUTH_CENTRAL,0,,193.136083956639,,20,20,,,0.92,,
170135_C2,BRA_AVR1_CT2_C2,WZ_SOUTH_CENTRAL,0,,193.136083956639,,20,20,,,0.92,,
170136_C0,BRAU_AVR1_ST_C0,WZ_SOUTH_CENTRAL,0,,201.533304998232,,20,20,,,0.92,,
170137_N1,BRAU_VHB6CT5_N1,WZ_SOUTH_CENTRAL,0,,65.436022227872,,40,40,,,1.83,,
170138_N2,BRAU_VHB6CT6_N2,WZ_SOUTH_CENTRAL,0,,65.436022227872,,40,40,,,1.83,,
170139_N3,BRAU_VHB6CT7_N3,WZ_SOUTH_CENTRAL,0,,65.436022227872,,40,40,,,1.83,,
170140_N4,BRAU_VHB6CT8_N4,WZ_SOUTH_CENTRAL,0,,65.436022227872,,40,40,,,1.83,,
170151_N1,DECKER_DPG1_N1,WZ_SOUTH_CENTRAL,0,,356.881894267703,,15,15,,,9.18,,
170152_N2,DECKER_DPG2_N2,WZ_SOUTH_CENTRAL,0,,472.343683589607,,15,15,,,9.18,,
170153_N3,DECKE_DPGT_1_N3,WZ_SOUTH_CENTRAL,0,,82.4493880071187,,40,40,,,14.19,,
170154_N4,DECKE_DPGT_2_N4,WZ_SOUTH_CENTRAL,0,,82.4493880071187,,40,40,,,14.19,,
170155_N5,DECKE_DPGT_3_N5,WZ_SOUTH_CENTRAL,0,,82.4493880071187,,40,40,,,14.19,,
170156_N6,DECKE_DPGT_4_N6,WZ_SOUTH_CENTRAL,0,,82.4493880071187,,40,40,,,14.19,,
170161_C1,GUADG_GAS1_C1,WZ_SOUTH_CENTRAL,0,,189.987126066042,,20,20,,,0.92,,
170162_C2,GUADG_GAS2_C2,WZ_SOUTH_CENTRAL,0,,189.987126066042,,20,20,,,0.92,,
170164_C3,GUADG_GAS3_C3,WZ_SOUTH_CENTRAL,0,,189.987126066042,,20,20,,,0.92,,
170165_C4,GUADG_GAS4_C4,WZ_SOUTH_CENTRAL,0,,189.987126066042,,20,20,,,0.92,,
170166_C0,GUADG_STM6_C0,WZ_SOUTH_CENTRAL,0,,220.427052341817,,20,20,,,0.92,,
170171_C1,LOS_LOSTPGT1_C1,WZ_SOUTH_CENTRAL,0,,214.129136560622,,20,20,,,1.28,,
170172_C2,LOS_LOSTPGT2_C2,WZ_SOUTH_CENTRAL,0,,212.344727089283,,20,20,,,1.28,,
170173_C0,LOS_LOSTPST1_C0,WZ_SOUTH_CENTRAL,0,,223.576010232414,,20,20,,,1.28,,
170181_C1,BAST_GTG1100_C1,WZ_SOUTH_CENTRAL,0,,175.291989243254,,20,20,,,1.4,,
170182_C2,BAST_GTG2100_C2,WZ_SOUTH_CENTRAL,0,,175.291989243254,,20,20,,,1.4,,
170183_C0,BASTE_ST0100_C0,WZ_SOUTH_CENTRAL,0,,250.866978617591,,20,20,,,1.4,,
170191_N1,HAY_HAYSENG1_N1,WZ_SOUTH_CENTRAL,0,,278.157947002769,,20,20,,,1.37,,
170192_N2,HAY_HAYSENG2_N2,WZ_SOUTH_CENTRAL,0,,278.157947002769,,20,20,,,1.37,,
170193_N3,HAY_HAYSENG3_N3,WZ_SOUTH_CENTRAL,0,,283.406210153764,,20,20,,,1.37,,
170194_N4,HAY_HAYSENG4_N4,WZ_SOUTH_CENTRAL,0,,283.406210153764,,20,20,,,1.37,,
170200_S1,ACA_UNIT1_S1,WZ_FAR_WEST,0,,105.713492065143,,200,200,,,0,,
170201_C1,RIONOG_CT1_C1,WZ_SOUTH_CENTRAL,0,,194.185736586838,,20,20,,,1.26,,
170202_C2,RIONOG_CT2_C2,WZ_SOUTH_CENTRAL,0,,194.185736586838,,20,20,,,1.26,,
170203_C3,RIONOG_CT3_C3,WZ_SOUTH_CENTRAL,0,,194.185736586838,,20,20,,,1.26,,
170204_C0,RIONOG_ST1_C0,WZ_SOUTH_CENTRAL,0,,340.087452184517,,20,20,,,1.26,,
170211_N1,SANDHSYD_SH1_N1,WZ_SOUTH_CENTRAL,0,,78.5232266734464,,40,40,,,1.5,,
170212_N2,SANDHSYD_SH2_N2,WZ_SOUTH_CENTRAL,0,,78.5232266734464,,40,40,,,1.5,,
170213_N3,SANDHSYD_SH3_N3,WZ_SOUTH_CENTRAL,0,,78.5232266734464,,40,40,,,1.5,,
170214_N4,SANDHSYD_SH4_N4,WZ_SOUTH_CENTRAL,0,,78.5232266734464,,40,40,,,1.5,,
170215_C5,SANDHS_SH_5A_C5,WZ_SOUTH_CENTRAL,0,,194.185736586838,,20,20,,,1.51,,
170216_C0,SANDHS_SH_5C_C0,WZ_SOUTH_CENTRAL,0,,199.433999737834,,20,20,,,1.51,,
170217_N6,SANDHSYD_SH6_N6,WZ_SOUTH_CENTRAL,0,,71.9796244506592,,40,40,,,1.5,,
170218_N7,SANDHSYD_SH7_N7,WZ_SOUTH_CENTRAL,0,,71.9796244506592,,40,40,,,1.5,,
170231_W1,HHG_CALLAHAN_W1,WZ_SOUTH_CENTRAL,0,,121.6,,50,50,,,2.11,,
170232_W1,HHG_HHOLLOW1_W1,WZ_SOUTH_CENTRAL,0,,227.2,,50,50,,,1.97,,
170233_W1,HHG_HHOLLOW2_W1,WZ_SOUTH_CENTRAL,0,,184,,50,50,,,1.97,,
170234_W1,HHG_HHOLLOW3_W1,WZ_SOUTH_CENTRAL,0,,238.4,,50,50,,,1.97,,
170235_W1,HHG_HHOLLOW4_W1,WZ_SOUTH_CENTRAL,0,,115,,50,50,,,2.01366666666667,,
170331_N1,WIPOP_WPP_G1_N1,WZ_SOUTH_CENTRAL,0,,70.6709040061018,,40,40,,,4.38,,
170331_N2,WIPOP_WPP_G1_N2,WZ_SOUTH_CENTRAL,0,,70.6709040061018,,40,40,,,4.38,,
170332_N3,WIPOP_WPP_G3_N3,WZ_SOUTH_CENTRAL,0,,70.6709040061018,,40,40,,,4.38,,
170332_N4,WIPOP_WPP_G3_N4,WZ_SOUTH_CENTRAL,0,,70.6709040061018,,40,40,,,4.38,,
170341_S1,WEBBER__WSP1_S1,WZ_SOUTH_CENTRAL,0,,26.7,,200,200,,,0,,
170381_BT,OCI_ALM1_G1_BT,WZ_SOUTH_CENTRAL,0,,1,,200,200,,,0,,
170381_S1,OCI_ALM1_G1_S1,WZ_SOUTH_CENTRAL,0,,39.183,,200,200,,,0,,
170401_N1,SKY1_GA_N1,WZ_SOUTH_CENTRAL,0,,26.7,,200,200,,,0,,
170402_N2,SKY1_GB_N2,WZ_SOUTH_CENTRAL,0,,26.7,,200,200,,,0,,
170441_W1,CACTSFLT_U1_W1,WZ_WEST,0,,169.842332391472,,50,50,,,2.08,,
1798_chg,1798_chg,WZ_EAST,1,,0,,,,,,,,
180001_H1,BUC_BUCHANG1_H1,WZ_WEST,0,,19,,150,150,,,43.72,,
180002_H2,BUC_BUCHANG2_H2,WZ_WEST,0,,19,,150,150,,,43.72,,
180003_H3,BUC_BUCHANG3_H3,WZ_WEST,0,,19,,150,150,,,43.72,,
180012_C1,FERGGT1_C1,WZ_WEST,0,,196,,20,20,,,0.76,,
180013_C2,FERGGT2_C2,WZ_WEST,0,,196,,20,20,,,0.76,,
180014_C0,FERGST1_C0,WZ_WEST,0,,204,,20,20,,,0.76,,
180021_H1,AMI_AMISTAG1_H1,WZ_WEST,0,,40,,150,150,,,6.28,,
180022_H2,AMI_AMISTAG2_H2,WZ_WEST,0,,40,,150,150,,,6.28,,
180031_N1,MGSES_CT1_N1,WZ_WEST,0,,125.637162677514,,40,40,,,138.89,,
180032_N2,MGSES_CT2_N2,WZ_WEST,0,,125.637162677514,,40,40,,,138.89,,
180033_N3,MGSES_CT3_N3,WZ_WEST,0,,125.637162677514,,40,40,,,138.89,,
180034_N4,MGSES_CT4_N4,WZ_WEST,0,,125.637162677514,,40,40,,,138.89,,
180035_N5,MGSES_CT5_N5,WZ_WEST,0,,125.637162677514,,40,40,,,138.89,,
180036_N6,MGSES_CT6_N6,WZ_WEST,0,,125.637162677514,,40,40,,,138.89,,
180051_W1,TRENT_TRENT_W1,WZ_WEST,0,,171.673516568199,,50,50,,,2.17,,
180053_W1,STWF_T1_W1,WZ_WEST,0,,115.822399178012,,50,50,,,2.03,,
180151_W1,SWEETWN_WND1_W1,WZ_WEST,0,,48.6408296943232,,50,50,,,3.23,,
180153_W1,SWEETWN_WND2_W1,WZ_WEST,0,,19.4563318777293,,50,50,,,2.25,,
180153_W2,SWEETWN_WND2_W2,WZ_WEST,0,,113.075622912921,,50,50,,,2.01366666666667,,
180156_W1,SWEETWN_WND3_W1,WZ_WEST,0,,38.9126637554585,,50,50,,,2.08,,
180156_W2,SWEETWN_WND3_W2,WZ_WEST,0,,133.905342923196,,50,50,,,2.01366666666667,,
180159_W1,SWEETW_WND4A_W1,WZ_WEST,0,,143.061263806833,,50,50,,,2.03,,
180160_W1,SWEETW_WND4B_W1,WZ_WEST,0,,128.182892370922,,50,50,,,2.03,,
180162_W1,SWEETWN_WND5_W1,WZ_WEST,0,,97.2816593886463,,50,50,,,2.21,,
180251_W1,BRAZ_WN_WND1_W1,WZ_WEST,0,,113.304520935012,,50,50,,,2.01366666666667,,
180252_W2,BRAZ_WN_WND2_W2,WZ_WEST,0,,69.8138967377344,,50,50,,,2.01366666666667,,
180351_W1,CALLAHA_WND1_W1,WZ_WEST,0,,139.169997431287,,50,50,,,2.01366666666667,,
180441_PE,SPPKM_CTA_PE,WZ_WEST,0,,49.5,,20,20,,,2.19321243523316,,
180442_PE,SPPKM_CTB_PE,WZ_WEST,0,,49.5,,20,20,,,2.19321243523316,,
180443_PE,SPPKM_STG_PE,WZ_WEST,0,,24,,20,20,,,2.19321243523316,,
180450_W1,BUFFG_UNIT2A_W1,WZ_WEST,0,,132.188607757514,,50,50,,,2.05,,
180451_W1,BUFF_G_UNIT1_W1,WZ_WEST,0,,138.025507320832,,50,50,,,2.08,,
180452_W2,BUFFG_UNIT2B_W2,WZ_WEST,0,,133.905342923196,,50,50,,,2.01366666666667,,
180453_W1,BUFF_G_UNIT3_W1,WZ_WEST,0,,194.792216799383,,50,50,,,1.97,,
180456_W1,H_HOLLO_WND1_W1,WZ_WEST,0,,236.451656819933,,50,50,,,2.01366666666667,,
180458_W1,HHOLLO_WIND1_W1,WZ_WEST,0,,180.829437451837,,50,50,,,2.01366666666667,,
180460_W1,HHOLLO_WND_1_W1,WZ_WEST,0,,255.793539686617,,50,50,,,2.01366666666667,,
180462_W1,HHOLLOW_WND1_W1,WZ_WEST,0,,131.616362702286,,50,50,,,2.01366666666667,,
180551_W1,RDCAN_RDCNY1_W1,WZ_WEST,0,,102.546313896738,,50,50,,,2.01366666666667,,
180651_W1,CSEC_CSECG1_W1,WZ_WEST,0,,149.355959414333,,50,50,,,2.02,,
180652_W2,CSEC_CSECG2_W2,WZ_WEST,0,,137.338813254559,,50,50,,,2.02,,
180751_W1,CAPRIDGE_CR1_W1,WZ_WEST,0,,261.859337272027,,50,50,,,1.97,,
180753_W1,CAPRIDGE_CR2_W1,WZ_WEST,0,,171.101271512972,,50,50,,,1.97,,
180756_W1,CAPRIDGE_CR3_W1,WZ_WEST,0,,227.066837914205,,50,50,,,1.97,,
180758_W1,CAPRIDG4_CR4_W1,WZ_WEST,0,,137.338813254559,,50,50,,,1.97,,
180851_W1,ENAS_ENA1_W1,WZ_WEST,0,,72.1028769586437,,50,50,,,2.01366666666667,,
180951_W1,CHAMPI_UNIT1_W1,WZ_WEST,0,,155.078409966607,,50,50,,,2.02,,
180957_BT,IND_INADALE1_BT,WZ_WEST,0,,12.017146159774,,50,50,,,1.93,,
180957_W1,IND_INADALE1_W1,WZ_WEST,0,,108.726560493193,,50,50,,,1.93,,
180960_W1,PYR_PYRON1_W1,WZ_WEST,0,,144.091304906242,,50,50,,,2.02,,
181011_W2,IND_INADALE2_W2,WZ_WEST,0,,116.737991266376,,50,50,,,2.01366666666667,,
181031_BT,PYR_PYRON2_BT,WZ_WEST,0,,12.017146159774,,50,50,,,2.01366666666667,,
181031_W2,PYR_PYRON2_W2,WZ_WEST,0,,151.187143591061,,50,50,,,2.01366666666667,,
181051_W1,TTWEC_G1_W1,WZ_WEST,0,,193.991073722065,,50,50,,,1.96,,
181151_W1,LONEWOLF_G1_W1,WZ_WEST,0,,56.6522604675058,,50,50,,,1.95,,
181151_W3,LONEWOLF_G1_W3,WZ_WEST,0,,29.1844978165939,,50,50,,,1.95,,
181152_W2,LONEWOLF_G2_W2,WZ_WEST,0,,58.3689956331878,,50,50,,,1.95,,
181152_W4,LONEWOLF_G2_W4,WZ_WEST,0,,27.4677626509119,,50,50,,,1.95,,
181251_W1,LGD_LANGFORD_W1,WZ_WEST,0,,188.840868225019,,50,50,,,1.93,,
181351_W1,GOA_GOATWIND_W1,WZ_WEST,0,,91.559208836373,,50,50,,,2.01366666666667,,
181351_W2,GOA_GOATWIND_W2,WZ_WEST,0,,79.6565116876445,,50,50,,,2.01366666666667,,
181451_W1,ANACACHO_ANA_W1,WZ_WEST,0,,124.520524017467,,50,50,,,1.93,,
181551_W1,MESQCRK_WND1_W1,WZ_FAR_WEST,0,,119.670394610612,,50,50,,,2.01366666666667,,
181552_W2,MESQCRK_WND2_W2,WZ_FAR_WEST,0,,119.670394610612,,50,50,,,2.01366666666667,,
181651_S1,HOVEY_UNIT1_S1,WZ_FAR_WEST,0,,232.569682543316,,200,200,,,0,,
181651_S2,HOVEY_UNIT1_S2,WZ_FAR_WEST,0,,78.3548403186843,,200,200,,,0,,
181681_S1,ECLIPS_UNIT1_S1,WZ_WEST,0,,513.549367088608,,200,200,,,0,,
181732_S1,HELIOS_G1_S1,WZ_WEST,0,,1297.53164556962,,200,200,,,0,,
181751_W1,RCKSP_WIND1_W1,WZ_WEST,0,,139.513344464423,,50,50,,,2.01366666666667,,
181752_W2,RCKSP_WIND2_W2,WZ_WEST,0,,31.3590290264578,,50,50,,,2.01366666666667,,
181851_W1,DERMOTT_W1_W1,WZ_WEST,0,,144.777998972515,,50,50,,,1.94,,
181901_W2,DERMOTT_W2_W2,WZ_WEST,0,,144.777998972515,,50,50,,,2.01366666666667,,
181951_1,FLUVANNA_W1_1,WZ_WEST,0,,91.3303108142821,,50,50,,,1.95,,
182001_1,FLUVANNA_W2_1,WZ_WEST,0,,86.5234523503725,,50,50,,,2.01366666666667,,
182052_W1,RTS_34_W1,WZ_WEST,0,,183.118417672746,,50,50,,,2.01366666666667,,
2019_chg,2019_chg,WZ_NORTH_CENTRAL,1,,0,,,,,,,,
2142_chg,2142_chg,WZ_NORTH_CENTRAL,1,,0,,,,,,,,
2173_chg,2173_chg,WZ_NORTH_CENTRAL,1,,0,,,,,,,,
2175_chg,2175_chg,WZ_NORTH_CENTRAL,1,,0,,,,,,,,
2339_chg,2339_chg,WZ_NORTH_CENTRAL,1,,0,,,,,,,,
2653_chg,2653_chg,WZ_NORTH_CENTRAL,1,,0,,,,,,,,
3203_chg,3203_chg,WZ_EAST,1,,0,,,,,,,,
3310_chg,3310_chg,WZ_EAST,1,,0,,,,,,,,
3471_chg,3471_chg,WZ_NORTH_CENTRAL,1,,0,,,,,,,,
38131_chg,38131_chg,WZ_FAR_WEST,1,,0,,,,,,,,
38360_chg,38360_chg,WZ_FAR_WEST,1,,0,,,,,,,,
39030_chg,39030_chg,WZ_COAST,1,,0,,,,,,,,
40426_B1,OPNDAY__BL_8_B1,WZ_COAST,0,,137,,50,50,,,2.01366666666667,,
415_chg,415_chg,WZ_NORTH_CENTRAL,1,,0,,,,,,,,
44450_chg,44450_chg,WZ_COAST,1,,0,,,,,,,,
44650_chg,44650_chg,WZ_COAST,1,,0,,,,,,,,
46615_chg,46615_chg,WZ_COAST,1,,0,,,,,,,,
47191_chg,47191_chg,WZ_COAST,1,,0,,,,,,,,
5165_chg,5165_chg,WZ_SOUTH_CENTRAL,1,,0,,,,,,,,
5423_chg,5423_chg,WZ_SOUTH_CENTRAL,1,,0,,,,,,,,
60091_chg,60091_chg,WZ_WEST,1,,0,,,,,,,,
6032_chg,6032_chg,WZ_NORTH,1,,0,,,,,,,,
628_chg,628_chg,WZ_NORTH_CENTRAL,1,,0,,,,,,,,
6317_chg,6317_chg,WZ_NORTH_CENTRAL,1,,0,,,,,,,,
6560_chg,6560_chg,WZ_FAR_WEST,1,,0,,,,,,,,
7172_chg,7172_chg,WZ_SOUTH_CENTRAL,1,,0,,,,,,,,
7236_chg,7236_chg,WZ_SOUTH_CENTRAL,1,,0,,,,,,,,
7315_chg,7315_chg,WZ_SOUTH_CENTRAL,1,,0,,,,,,,,
7387_chg,7387_chg,WZ_FAR_WEST,1,,0,,,,,,,,
78111_chg,78111_chg,WZ_SOUTH_CENTRAL,1,,0,,,,,,,,
79000_chg,79000_chg,WZ_NORTH,1,,0,,,,,,,,
8169_chg,8169_chg,WZ_COAST,1,,0,,,,,,,,
8367_chg,8367_chg,WZ_SOUTHERN,1,,0,,,,,,,,
8403_chg,8403_chg,WZ_SOUTHERN,1,,0,,,,,,,,
8519_chg,8519_chg,WZ_SOUTHERN,1,,0,,,,,,,,
8635_chg,8635_chg,WZ_SOUTHERN,1,,0,,,,,,,,
901841_B2,DC_R_BL_ROAD_B2,WZ_SOUTHERN,0,,300,,50,50,,,1.96,,
902527_W1,TKWSW_ROSCOE_W1,WZ_WEST,0,,136.079874133059,,50,50,,,2.06,,
902542_W2,ROSCOE2A_W2,WZ_WEST,0,,113.418969946057,,50,50,,,2.01366666666667,,
9179_chg,9179_chg,WZ_SOUTH_CENTRAL,1,,0,,,,,,,,
921_chg,921_chg,WZ_NORTH_CENTRAL,1,,0,,,,,,,,
9395_chg,9395_chg,WZ_SOUTH_CENTRAL,1,,0,,,,,,,,
